Language,Query,Weight,Bucket,Comment,#1,#1 Parsed,#1 SQ,#1 Rank,#2,#2 Parsed,#2 SQ,#2 Rank,#3,#3 Parsed,#3 SQ,#3 Rank,#4,#4 Parsed,#4 SQ,#4 Rank,#5,#5 Parsed,#5 SQ,#5 Rank
he,542,5772,מספר תכנית (חיים חדשים),,https://archive.kbb1.com/he/programs/cu/AsNLozeK,cu|AsNLozeK|,Good,2,,e||,NoExpectation,-1,,e||,NoExpectation,-1,,e||,NoExpectation,-1,,e||,NoExpectation,-1
he,707,5772,מספר תכנית (חיים חדשים),,https://archive.kbb1.com/he/programs/cu/fMJtiizU,cu|fMJtiizU|,Good,3,,e||,NoExpectation,-1,,e||,NoExpectation,-1,,e||,NoExpectation,-1,,e||,NoExpectation,-1
he,103,5772,מספר תכנית (חיים חדשים),"All results are 103fm, should be more various",https://archive.kbb1.com/he/programs?program=%7CDx8UewbL,p||program - %7CDx8UewbL,Unknown,-1,https://archive.kbb1.com/he/programs/cu/VrwG8S4o,cu|VrwG8S4o|,Unknown,-1,,e||,NoExpectation,-1,,e||,NoExpectation,-1,,e||,NoExpectation,-1
he,209,5772,מספר תכנית (חיים חדשים),,https://archive.kbb1.com/he/programs/cu/g0s6w9ze,cu|g0s6w9ze|,Good,1,,e||,NoExpectation,-1,,e||,NoExpectation,-1,,e||,NoExpectation,-1,,e||,NoExpectation,-1
he,פתיחה,2371,מאמר בקבלה,"If date older then week, article goes first.",https://archive.kbb1.com/he/lessons?source=bs_L2jMWyce_kB3eD83I,l||source - bs_L2jMWyce_kB3eD83I,Unknown,-1,https://archive.kbb1.com/he/sources/kB3eD83I,s|kB3eD83I|,Regular,7,https://archive.kbb1.com/he/lessons/cu/lktYc6eC,cu|lktYc6eC|,Unknown,-1,,e||,NoExpectation,-1,,e||,NoExpectation,-1
he,הקדמה לספר הזוהר,2371,מאמר בקבלה,unclear which one is the correct....,https://archive.kbb1.com/he/lessons?source=bs_L2jMWyce_ALlyoveA,l||source - bs_L2jMWyce_ALlyoveA,Unknown,-1,https://archive.kbb1.com/he/sources/ALlyoveA,s|ALlyoveA|,Good,2,https://archive.kbb1.com/he/lessons/cu/ujFce7WX?language=he,cu|ujFce7WX|,Regular,10,,e||,NoExpectation,-1,,e||,NoExpectation,-1
he,מתן תורה,2371,מאמר בקבלה,,https://archive.kbb1.com/he/lessons?source=bs_qMeV5M3Y_2bscFWf4,l||source - bs_qMeV5M3Y_2bscFWf4,Unknown,-1,https://archive.kbb1.com/he/sources/2bscFWf4,s|2bscFWf4|,Good,2,https://archive.kbb1.com/he/lessons/cu/cDfMlyqU,cu|cDfMlyqU|,Unknown,-1,,e||,NoExpectation,-1,,e||,NoExpectation,-1
he,מאמר השלום,2371,מאמר בקבלה,,https://archive.kbb1.com/he/lessons?source=bs_qMeV5M3Y_28Cmp7gl,l||source - bs_qMeV5M3Y_28Cmp7gl,Unknown,-1,https://archive.kbb1.com/he/sources/28Cmp7gl,s|28Cmp7gl|,Unknown,-1,https://archive.kbb1.com/he/lessons/cu/eK9Jqxup?language=he,cu|eK9Jqxup|,Unknown,-1,,e||,NoExpectation,-1,,e||,NoExpectation,-1
he,מבוא לספר הזוהר,2371,מאמר בקבלה,,https://archive.kbb1.com/he/lessons?source=bs_L2jMWyce_tswzgnWk,l||source - bs_L2jMWyce_tswzgnWk,Unknown,-1,https://archive.kbb1.com/he/sources/tswzgnWk,s|tswzgnWk|,Good,2,https://archive.kbb1.com/he/lessons/cu/TP0R1939,cu|TP0R1939|,Unknown,-1,,e||,NoExpectation,-1,,e||,NoExpectation,-1
he,מקובלים כותבים,1666,תכנית טלוויזיה,unrelated results,https://archive.kbb1.com/he/programs/c/fLWpcUjQ,c|fLWpcUjQ|,Good,1,,e||,NoExpectation,-1,,e||,NoExpectation,-1,,e||,NoExpectation,-1,,e||,NoExpectation,-1
he,עולמות נפגשים,1666,תכנית טלוויזיה,,https://archive.kbb1.com/he/programs/c/FOOoTpLR,c|FOOoTpLR|,Good,1,,e||,NoExpectation,-1,,e||,NoExpectation,-1,,e||,NoExpectation,-1,,e||,NoExpectation,-1
he,שאל את המקובל,1666,תכנית טלוויזיה,,https://archive.kbb1.com/he/programs/c/TXrFZRBE,c|TXrFZRBE|,Good,1,,e||,NoExpectation,-1,,e||,NoExpectation,-1,,e||,NoExpectation,-1,,e||,NoExpectation,-1
he,הפתרון,1666,תכנית טלוויזיה,,https://archive.kbb1.com/he/programs/c/MvD8Dk2S,c|MvD8Dk2S|,Good,1,,e||,NoExpectation,-1,,e||,NoExpectation,-1,,e||,NoExpectation,-1,,e||,NoExpectation,-1
he,מורים דרך,1666,תכנית טלוויזיה,unrelated results,https://archive.kbb1.com/he/programs/c/JMkKQ7ZZ,c|JMkKQ7ZZ|,Good,1,,e||,NoExpectation,-1,,e||,NoExpectation,-1,,e||,NoExpectation,-1,,e||,NoExpectation,-1
he,חיים חדשים,1586,חיים חדשים,groups,https://archive.kbb1.com/he/programs/c/zf4lLwyI,c|zf4lLwyI|,Good,1,,e||,NoExpectation,-1,,e||,NoExpectation,-1,,e||,NoExpectation,-1,,e||,NoExpectation,-1
he,חיים,1586,חיים חדשים,groups,https://archive.kbb1.com/he/programs/c/zf4lLwyI,c|zf4lLwyI|,Good,2,,e||,NoExpectation,-1,,e||,NoExpectation,-1,,e||,NoExpectation,-1,,e||,NoExpectation,-1
he,תוכנית חיים חדשים,1586,חיים חדשים,groups,https://archive.kbb1.com/he/programs/c/zf4lLwyI,c|zf4lLwyI|,Unknown,-1,,e||,NoExpectation,-1,,e||,NoExpectation,-1,,e||,NoExpectation,-1,,e||,NoExpectation,-1
he,אין עוד מלבדו,1513,נושא בקבלה,unclear what is good,https://archive.kbb1.com/he/sources/hFeGidcS,s|hFeGidcS|,Good,3,https://archive.kbb1.com/he/lessons?source=bs_qMUUn22b_hFeGidcS,l||source - bs_qMUUn22b_hFeGidcS,Unknown,-1,missing this issue by congresses,bs||,NoExpectation,-1,,e||,NoExpectation,-1,,e||,NoExpectation,-1
he,ערבות זולת נשמות,1513,נושא בקבלה,unclear what is good,?,bs||,NoExpectation,-1,,e||,NoExpectation,-1,,e||,NoExpectation,-1,,e||,NoExpectation,-1,,e||,NoExpectation,-1
he,תפיסת המציאות,1513,נושא בקבלה,unclear what is good,https://archive.kbb1.com/he/lessons/cu/fQ9F5Rrn,cu|fQ9F5Rrn|,Unknown,-1,https://archive.kbb1.com/he/lessons?topic=0db5BBS3_fF9Awl9y_VmPWCNvo,l||topic - 0db5BBS3_fF9Awl9y_VmPWCNvo,Unknown,-1,https://archive.kbb1.com/he/programs?topic=0db5BBS3_fF9Awl9y_VmPWCNvo,p||topic - 0db5BBS3_fF9Awl9y_VmPWCNvo,Unknown,-1,,e||,NoExpectation,-1,,e||,NoExpectation,-1
he,אהבת חברים,1513,נושא בקבלה,unclear what is good,can't find latest lesson,bs||,NoExpectation,-1,https://archive.kbb1.com/he/sources/jXgT6Pa1,s|jXgT6Pa1|,Good,3,https://archive.kbb1.com/he/programs/cu/JnlqMWvo,cu|JnlqMWvo|,Unknown,-1,,e||,NoExpectation,-1,,e||,NoExpectation,-1
he,זוהר,1235,זוהר,groups,https://archive.kbb1.com/he/lessons/cu/skGMOXD8,cu|skGMOXD8|,Unknown,-1,https://archive.kbb1.com/he/sources/AwGBQX2L,s|AwGBQX2L|,Good,2,,e||,NoExpectation,-1,,e||,NoExpectation,-1,,e||,NoExpectation,-1
he,זוהר לעם,1235,זוהר,groups,https://archive.kbb1.com/he/lessons/cu/skGMOXD8,cu|skGMOXD8|,Unknown,-1,https://archive.kbb1.com/he/sources/AwGBQX2L,s|AwGBQX2L|,Good,1,,e||,NoExpectation,-1,,e||,NoExpectation,-1,,e||,NoExpectation,-1
he,ספר הזוהר,1235,זוהר,groups,https://archive.kbb1.com/he/sources/AwGBQX2L,s|AwGBQX2L|,Unknown,-1,,e||,NoExpectation,-1,,e||,NoExpectation,-1,,e||,NoExpectation,-1,,e||,NoExpectation,-1
he,אותיות דרב המנונא סבא,1235,זוהר,groups too old,https://archive.kbb1.com/he/sources/M07beI2F,s|M07beI2F|,Good,1,https://archive.kbb1.com/he/lessons?source=rh_AwGBQX2L_cSyh3vQM_43BXTx3C_M07beI2F,l||source - rh_AwGBQX2L_cSyh3vQM_43BXTx3C_M07beI2F,Unknown,-1,,e||,NoExpectation,-1,,e||,NoExpectation,-1,,e||,NoExpectation,-1
he,זוהר לעם הקדמת ספר הזוהר,1235,זוהר,groups too old,https://archive.kbb1.com/he/sources/AwGBQX2L,s|AwGBQX2L|,Unknown,-1,https://archive.kbb1.com/he/lessons?source=rh_AwGBQX2L_cSyh3vQM_43BXTx3C,l||source - rh_AwGBQX2L_cSyh3vQM_43BXTx3C,Unknown,-1,,e||,NoExpectation,-1,,e||,NoExpectation,-1,,e||,NoExpectation,-1
he,ליל הכלה,1235,זוהר,groups too old,https://archive.kbb1.com/he/sources/jnB9Pwgl,s|jnB9Pwgl|,Good,1,https://archive.kbb1.com/he/events/c/9DJ1NO35?language=he,c|9DJ1NO35|,Unknown,-1,https://archive.kbb1.com/he/lessons/cu/7DWcJ3wb,cu|7DWcJ3wb|,Regular,5,https://archive.kbb1.com/he/programs/cu/Y1x3GKhP,cu|Y1x3GKhP|,Unknown,-1,,e||,NoExpectation,-1
he,לילה דכלא,1235,זוהר,groups too old,https://archive.kbb1.com/he/sources/jnB9Pwgl,s|jnB9Pwgl|,Unknown,-1,https://archive.kbb1.com/he/events/c/9DJ1NO35?language=he,c|9DJ1NO35|,Unknown,-1,https://archive.kbb1.com/he/lessons/cu/7DWcJ3wb,cu|7DWcJ3wb|,Unknown,-1,https://archive.kbb1.com/he/programs/cu/Y1x3GKhP,cu|Y1x3GKhP|,Unknown,-1,,e||,NoExpectation,-1
he,"תע""ס",1212,"תע""ס",groups Should show by default the last lesson?,https://archive.kbb1.com/he/sources/xtKmrbb9?page=1,s|xtKmrbb9|,Good,3,https://archive.kbb1.com/he/lessons/latest?language=he&ap=2,bs||,NoExpectation,-1,https://archive.kbb1.com/he/lessons?source=bs_xtKmrbb9,l||source - bs_xtKmrbb9,Unknown,-1,,e||,NoExpectation,-1,,e||,NoExpectation,-1
he,תלמוד עשר הספירות,1212,"תע""ס",groups Should show by default the last lesson?,https://archive.kbb1.com/he/sourcesxtKmrbb9,bs||,NoExpectation,-1,https://archive.kbb1.com/he/lessons/latest?language=he&ap=2,bs||,NoExpectation,-1,https://archive.kbb1.com/he/lessons?source=bs_xtKmrbb9,l||source - bs_xtKmrbb9,Unknown,-1,,e||,NoExpectation,-1,,e||,NoExpectation,-1
he,תעס,1212,"תע""ס",groups 2003 lesson is first,https://archive.kbb1.com/he/sources/xtKmrbb9,s|xtKmrbb9|,Unknown,-1,https://archive.kbb1.com/he/lessons/latest?language=he&ap=2,bs||,NoExpectation,-1,https://archive.kbb1.com/he/lessons?source=bs_xtKmrbb9,l||source - bs_xtKmrbb9,Unknown,-1,,e||,NoExpectation,-1,,e||,NoExpectation,-1
he,הסתכלות פנימית,1212,"תע""ס",groups Should show by default the last lesson?,https://archive.kbb1.com/he/sources/9xNFLSSp?page=13,s|9xNFLSSp|,Unknown,-1,https://archive.kbb1.com/he/lessons/latest?language=he&ap=2,bs||,NoExpectation,-1,https://archive.kbb1.com/he/lessons?source=bs_xtKmrbb9,l||source - bs_xtKmrbb9,Unknown,-1,,e||,NoExpectation,-1,,e||,NoExpectation,-1
he,"תע""ס כרך א' חלק ב'",1212,"תע""ס",groups not finding chapter,https://archive.kbb1.com/he/sources/XlukqLH8?page=37,s|XlukqLH8|,Good,1,https://archive.kbb1.com/he/lessons/latest?language=he&ap=2,bs||,NoExpectation,-1,https://archive.kbb1.com/he/lessons?source=bs_xtKmrbb9,l||source - bs_xtKmrbb9,Unknown,-1,,e||,NoExpectation,-1,,e||,NoExpectation,-1
he,"תע""ס כרך א",1212,"תע""ס",groups not finding part,https://archive.kbb1.com/he/sources/9xNFLSSp?page=1,s|9xNFLSSp|,Unknown,-1,https://archive.kbb1.com/he/lessons/latest?language=he&ap=2,bs||,NoExpectation,-1,https://archive.kbb1.com/he/lessons?source=bs_xtKmrbb9,l||source - bs_xtKmrbb9,Unknown,-1,,e||,NoExpectation,-1,,e||,NoExpectation,-1
he,תלמוד עשר,1212,"תע""ס",groups Should show by default the last lesson?,https://archive.kbb1.com/he/sources/9xNFLSSp?page=1,s|9xNFLSSp|,Unknown,-1,https://archive.kbb1.com/he/lessons/latest?language=he&ap=2,bs||,NoExpectation,-1,https://archive.kbb1.com/he/lessons?source=bs_xtKmrbb9,l||source - bs_xtKmrbb9,Unknown,-1,,e||,NoExpectation,-1,,e||,NoExpectation,-1
he,פרשת השבוע,882,תנך,groups,Current parashat hashavua,bs||,NoExpectation,-1,https://archive.kbb1.com/he/programs/c/FMekSMpp,c|FMekSMpp|,Good,1,https://archive.kbb1.com/he/programs/c/yGQYLsbV,c|yGQYLsbV|,Good,3,https://archive.kbb1.com/he/programs/c/4D87X3Oo,c|4D87X3Oo|,Good,2,,e||,NoExpectation,-1
he,בראשית,882,תנך,groups,https://archive.kbb1.com/he/sources/NslF3LJh,s|NslF3LJh|,Unknown,-1,https://archive.kbb1.com/he/lessons/cu/Kcbm97ny,cu|Kcbm97ny|,Unknown,-1,https://archive.kbb1.com/he/programs/cu/KgldULKU?language=he,cu|KgldULKU|,Unknown,-1,https://archive.kbb1.com/he/programs/cu/dO8qg4SK,cu|dO8qg4SK|,Unknown,-1,,e||,NoExpectation,-1
he,פרשת שבוע,882,תנך,groups,Current parashat hashavua,bs||,NoExpectation,-1,https://archive.kbb1.com/he/programs/c/FMekSMpp,c|FMekSMpp|,Good,1,https://archive.kbb1.com/he/programs/c/yGQYLsbV,c|yGQYLsbV|,Good,3,https://archive.kbb1.com/he/programs/c/4D87X3Oo,c|4D87X3Oo|,Good,2,,e||,NoExpectation,-1
he,ויצא,882,תנך,groups,https://archive.kbb1.com/he/sources/pCllz58I,s|pCllz58I|,Regular,5,https://archive.kbb1.com/he/lessons/cu/ZWV7sRUB,cu|ZWV7sRUB|,Unknown,-1,https://archive.kbb1.com/he/programs/cu/RPHaK0bQ,cu|RPHaK0bQ|,Unknown,-1,https://archive.kbb1.com/he/programs/cu/ZEG4FXf4,cu|ZEG4FXf4|,Unknown,-1,,e||,NoExpectation,-1
he,פרשת השבוע במדבר,882,תנך,groups,https://archive.kbb1.com/he/lessons/cu/Oy9AIPNu,cu|Oy9AIPNu|,Good,1,https://archive.kbb1.com/he/lessons/cu/Oy9AIPNu,cu|Oy9AIPNu|,Good,1,https://archive.kbb1.com/he/programs/cu/WYbNrqMa,cu|WYbNrqMa|,Regular,5,https://archive.kbb1.com/he/programs/cu/czD5IOia,cu|czD5IOia|,Regular,7,,e||,NoExpectation,-1
he,כנס,809,כנס,groups,https://archive.kbb1.com/he/events,bs||,NoExpectation,-1,,e||,NoExpectation,-1,,e||,NoExpectation,-1,,e||,NoExpectation,-1,,e||,NoExpectation,-1
he,כנס מוסקבה,809,כנס,,https://archive.kbb1.com/he/events?location=Russia%7CMoscow,bs||,NoExpectation,-1,,e||,NoExpectation,-1,,e||,NoExpectation,-1,,e||,NoExpectation,-1,,e||,NoExpectation,-1
he,ערבה,809,כנס,groups,https://archive.kbb1.com/he/events?location=Israel%7CArava,bs||,NoExpectation,-1,,e||,NoExpectation,-1,,e||,NoExpectation,-1,,e||,NoExpectation,-1,,e||,NoExpectation,-1
he,כנס ערבה,809,כנס,groups,https://archive.kbb1.com/he/events?location=Israel%7CArava,bs||,NoExpectation,-1,,e||,NoExpectation,-1,,e||,NoExpectation,-1,,e||,NoExpectation,-1,,e||,NoExpectation,-1
he,כנס ניו ג'רזי,809,כנס,groups,https://archive.kbb1.com/he/events?location=United%20States%7CNew%20Jersey,bs||,NoExpectation,-1,,e||,NoExpectation,-1,,e||,NoExpectation,-1,,e||,NoExpectation,-1,,e||,NoExpectation,-1
he,שבת,783,מושג בקבלה,,Group Shabat topic (no lessons at all0,bs||,NoExpectation,-1,,e||,NoExpectation,-1,,e||,NoExpectation,-1,,e||,NoExpectation,-1,,e||,NoExpectation,-1
he,מחסום,783,מושג בקבלה,לא במקומות הראשונים,Source articles with this term,bs||,NoExpectation,-1,Short clips of Rav,bs||,NoExpectation,-1,,e||,NoExpectation,-1,,e||,NoExpectation,-1,,e||,NoExpectation,-1
he,מעשר,783,מושג בקבלה,תוצאות לא קשורות,Short clips of Rav,bs||,NoExpectation,-1,,e||,NoExpectation,-1,,e||,NoExpectation,-1,,e||,NoExpectation,-1,,e||,NoExpectation,-1
he,תיקון יצר,783,מושג בקבלה,,Short clips of Rav,bs||,NoExpectation,-1,Group lessons with topic,bs||,NoExpectation,-1,,e||,NoExpectation,-1,,e||,NoExpectation,-1,,e||,NoExpectation,-1
he,פסח,711,חגים,מדור חגים groups,https://archive.kbb1.com/he/events/c/PWOJ9aPK?language=he,c|PWOJ9aPK|,Unknown,-1,https://archive.kbb1.com/he/events/holidays?holidays=RWqjxgkj,bs||,NoExpectation,-1,https://archive.kbb1.com/he/programs?topic=g3ml0jum_1nyptSIo_RWqjxgkj,p||topic - g3ml0jum_1nyptSIo_RWqjxgkj,Unknown,-1,https://archive.kbb1.com/he/programs/cu/sQLBSVm9,cu|sQLBSVm9|,Unknown,-1,https://archive.kbb1.com/he/programs/cu/zGraxAov,cu|zGraxAov|,Unknown,-1
he,חנוכה,711,חגים,מדור חגים groups,https://archive.kbb1.com/he/events/c/6CMNoQ6i?language=he,c|6CMNoQ6i|,Good,3,https://archive.kbb1.com/he/programs?topic=g3ml0jum_1nyptSIo_rxNl0zXg,p||topic - g3ml0jum_1nyptSIo_rxNl0zXg,Unknown,-1,https://archive.kbb1.com/he/events/holidays?holidays=rxNl0zXg,bs||,NoExpectation,-1,,e||,NoExpectation,-1,,e||,NoExpectation,-1
he,פורים,711,חגים,מדור חגים groups,https://archive.kbb1.com/he/events/c/BTc81T71?language=he,c|BTc81T71|,Unknown,-1,https://archive.kbb1.com/he/programs?topic=g3ml0jum_1nyptSIo_ZjqGWdYE,p||topic - g3ml0jum_1nyptSIo_ZjqGWdYE,Unknown,-1,https://archive.kbb1.com/he/events/holidays?holidays=ZjqGWdYE,bs||,NoExpectation,-1,,e||,NoExpectation,-1,,e||,NoExpectation,-1
he,יום כיפור,711,חגים,מדור חגים groups,https://archive.kbb1.com/he/programs?topic=g3ml0jum_1nyptSIo_oXRmGfzj,p||topic - g3ml0jum_1nyptSIo_oXRmGfzj,Unknown,-1,https://archive.kbb1.com/he/programs/cu/Wzhb9v1Z?language=he,cu|Wzhb9v1Z|,Unknown,-1,,e||,NoExpectation,-1,,e||,NoExpectation,-1,,e||,NoExpectation,-1
he,שמעתי,633,ספר קבלה,groups - books,https://archive.kbb1.com/he/sources/qMUUn22b,s|qMUUn22b|,Good,2,https://archive.kbb1.com/he/lessons?source=bs_qMUUn22b,l||source - bs_qMUUn22b,Unknown,-1,,e||,NoExpectation,-1,,e||,NoExpectation,-1,,e||,NoExpectation,-1
he,שלבי הסולם,633,ספר קבלה,groups - books,https://archive.kbb1.com/he/sources/jXgT6Pa1,s|jXgT6Pa1|,Unknown,-1,we should have the library according to the book ordered,bs||,NoExpectation,-1,,e||,NoExpectation,-1,,e||,NoExpectation,-1,,e||,NoExpectation,-1
he,כתבי בעל הסולם,633,ספר קבלה,groups - books,https://archive.kbb1.com/he/sources,bs||,NoExpectation,-1,we should have the library according to the book ordered,bs||,NoExpectation,-1,,e||,NoExpectation,-1,,e||,NoExpectation,-1,,e||,NoExpectation,-1
he,תהילים,633,ספר קבלה,groups - books,missing book,bs||,NoExpectation,-1,group with all programs with king David > Psalms,bs||,NoExpectation,-1,https://archive.kbb1.com/he/programs/cu/pay6i9Ts?language=he,cu|pay6i9Ts|,Regular,9,https://archive.kbb1.com/he/programs/c/4J0HCOhJ,c|4J0HCOhJ|,Good,1,,e||,NoExpectation,-1
he,זוגיות,481,נושא חינוך אינטגראלי,,https://archive.kbb1.com/he/programs?topic=VUpFlBnu_pXpozaXB_BdfLfqsa,p||topic - VUpFlBnu_pXpozaXB_BdfLfqsa,Unknown,-1,https://archive.kbb1.com/he/programs/cu/U52m4xoG,cu|U52m4xoG|,Unknown,-1,,e||,NoExpectation,-1,,e||,NoExpectation,-1,,e||,NoExpectation,-1
he,ילדים,481,נושא חינוך אינטגראלי,,https://archive.kbb1.com/he/programs?program=children%7C,p||program - children%7C,Unknown,-1,,e||,NoExpectation,-1,,e||,NoExpectation,-1,,e||,NoExpectation,-1,,e||,NoExpectation,-1
he,חינוך,481,נושא חינוך אינטגראלי,,https://archive.kbb1.com/he/programs/c/zf4lLwyI?topic=VUpFlBnu_pXpozaXB_g4WzYPpT,c|zf4lLwyI|,Unknown,-1,,e||,NoExpectation,-1,,e||,NoExpectation,-1,,e||,NoExpectation,-1,,e||,NoExpectation,-1
he,אהבה,481,נושא חינוך אינטגראלי,,Missing group of new life love,bs||,NoExpectation,-1,https://archive.kbb1.com/he/programs?topic=VUpFlBnu_jwqdSTx0_BMeF4yJe,p||topic - VUpFlBnu_jwqdSTx0_BMeF4yJe,Unknown,-1,,e||,NoExpectation,-1,,e||,NoExpectation,-1,,e||,NoExpectation,-1
he,שירים,402,מוזיקה,נשמר כשיעור?,No music section,bs||,NoExpectation,-1,,e||,NoExpectation,-1,,e||,NoExpectation,-1,,e||,NoExpectation,-1,,e||,NoExpectation,-1
he,הדור האחרון,402,מוזיקה,אין חומר על מוזיקה,https://archive.kbb1.com/he/sources/oIrPpKn2,s|oIrPpKn2|,Regular,4,https://archive.kbb1.com/he/lessons?source=bs_qMeV5M3Y_oIrPpKn2,l||source - bs_qMeV5M3Y_oIrPpKn2,Unknown,-1,,e||,NoExpectation,-1,,e||,NoExpectation,-1,,e||,NoExpectation,-1
he,מוטי מור,402,מוזיקה,נשמר כשיעור?,No music section,bs||,NoExpectation,-1,,e||,NoExpectation,-1,,e||,NoExpectation,-1,,e||,NoExpectation,-1,,e||,NoExpectation,-1
he,שירת העולמות,402,מוזיקה,נשמר כשיעור?,https://archive.kbb1.com/he/lessons/cu/l0GVJhAD?language=he,cu|l0GVJhAD|,Good,2,https://archive.kbb1.com/he/lessons/cu/AvV2BJPk?language=he,cu|AvV2BJPk|,Good,1,,e||,NoExpectation,-1,,e||,NoExpectation,-1,,e||,NoExpectation,-1
he,"רב""ש",263,מקובל,group - mekorot,https://archive.kbb1.com/he/sources,bs||,NoExpectation,-1,https://archive.kbb1.com/he/programs/cu/5i0S9RMc?language=he,cu|5i0S9RMc|,Unknown,-1,https://archive.kbb1.com/he/programs?topic=0db5BBS3_ssPpRE7p_NreYiGEg,p||topic - 0db5BBS3_ssPpRE7p_NreYiGEg,Unknown,-1,,e||,NoExpectation,-1,,e||,NoExpectation,-1
he,רמחל,263,מקובל,group - mekorot,missing content in library,bs||,NoExpectation,-1,https://archive.kbb1.com/he/programs/cu/OlRfxapi?language=he,cu|OlRfxapi|,Unknown,-1,https://archive.kbb1.com/he/programs/cu/zyqpiTc3?language=he,cu|zyqpiTc3|,Unknown,-1,https://archive.kbb1.com/he/programs?topic=0db5BBS3_ssPpRE7p_skJPR8fN,p||topic - 0db5BBS3_ssPpRE7p_skJPR8fN,Unknown,-1,,e||,NoExpectation,-1
he,בעל הסולם,263,מקובל,group - mekorot,https://archive.kbb1.com/he/sources,bs||,NoExpectation,-1,https://archive.kbb1.com/he/programs/cu/maMk3db9?language=he,cu|maMk3db9|,Unknown,-1,https://archive.kbb1.com/he/programs/cu/AdgO5KVE?language=he,cu|AdgO5KVE|,Unknown,-1,,e||,NoExpectation,-1,,e||,NoExpectation,-1
he,משה,263,מקובל,group - mekorot,https://archive.kbb1.com/he/programs/cu/gC2tRWrH,cu|gC2tRWrH|,Unknown,-1,missing content in library,bs||,NoExpectation,-1,https://archive.kbb1.com/he/programs/cu/AsNLozeK,cu|AsNLozeK|,Unknown,-1,,e||,NoExpectation,-1,,e||,NoExpectation,-1
he,לייטמן,263,מקובל,group - mekorot,https://archive.kbb1.com/he/sources,bs||,NoExpectation,-1,missing biography,bs||,NoExpectation,-1,,e||,NoExpectation,-1,,e||,NoExpectation,-1,,e||,NoExpectation,-1
he,סעודה,246,סעודות,,https://archive.kbb1.com/he/events/meals,bs||,NoExpectation,-1,,e||,NoExpectation,-1,,e||,NoExpectation,-1,,e||,NoExpectation,-1,,e||,NoExpectation,-1
he,סעודות,246,סעודות,,https://archive.kbb1.com/he/events/meals,bs||,NoExpectation,-1,,e||,NoExpectation,-1,,e||,NoExpectation,-1,,e||,NoExpectation,-1,,e||,NoExpectation,-1
he,טיש,246,סעודות,,https://archive.kbb1.com/he/events/cu/WhlWTpbB?language=he,cu|WhlWTpbB|,Regular,4,missing sub group of TISH,bs||,NoExpectation,-1,,e||,NoExpectation,-1,,e||,NoExpectation,-1,,e||,NoExpectation,-1
he,סעוד,246,סעודות,,https://archive.kbb1.com/he/events/meals,bs||,NoExpectation,-1,,e||,NoExpectation,-1,,e||,NoExpectation,-1,,e||,NoExpectation,-1,,e||,NoExpectation,-1
he,סעודת ראש חודש,246,סעודות,,missing sub group of Rosh Hodesh Meal,bs||,NoExpectation,-1,,e||,NoExpectation,-1,,e||,NoExpectation,-1,,e||,NoExpectation,-1,,e||,NoExpectation,-1
he,1988,212,שנה,Should be lessons and articles for this year of RAbash,group rabash articles by year 1988,bs||,NoExpectation,-1,,e||,NoExpectation,-1,,e||,NoExpectation,-1,,e||,NoExpectation,-1,,e||,NoExpectation,-1
he,2010,212,שנה,Should show congress? grouped material,https://archive.kbb1.com/he/events?year=2010,bs||,NoExpectation,-1,https://archive.kbb1.com/he/events/holidays?year=2010,bs||,NoExpectation,-1,https://archive.kbb1.com/he/events/unity-days?year=2010,bs||,NoExpectation,-1,,e||,NoExpectation,-1,,e||,NoExpectation,-1
he,2013,212,שנה,Should show congress? grouped material,https://archive.kbb1.com/he/events?year=2013,bs||,NoExpectation,-1,,e||,NoExpectation,-1,,e||,NoExpectation,-1,,e||,NoExpectation,-1,,e||,NoExpectation,-1
he,2005,212,שנה,Should show congress? grouped material,https://archive.kbb1.com/he/events?year=2005,bs||,NoExpectation,-1,,e||,NoExpectation,-1,,e||,NoExpectation,-1,,e||,NoExpectation,-1,,e||,NoExpectation,-1
he,ישיבת חברים,210,ישיבת חברים,,https://archive.kbb1.com/he/events/friends-gatherings,bs||,NoExpectation,-1,,e||,NoExpectation,-1,,e||,NoExpectation,-1,,e||,NoExpectation,-1,,e||,NoExpectation,-1
he,ישיבת החברים,210,ישיבת חברים,,https://archive.kbb1.com/he/events/friends-gatherings,bs||,NoExpectation,-1,,e||,NoExpectation,-1,,e||,NoExpectation,-1,,e||,NoExpectation,-1,,e||,NoExpectation,-1
he,ישיבת,210,ישיבת חברים,,https://archive.kbb1.com/he/events/friends-gatherings,bs||,NoExpectation,-1,,e||,NoExpectation,-1,,e||,NoExpectation,-1,,e||,NoExpectation,-1,,e||,NoExpectation,-1
he,ישיבת החברים העולמית,210,ישיבת חברים,,https://archive.kbb1.com/he/events/friends-gatherings,bs||,NoExpectation,-1,,e||,NoExpectation,-1,,e||,NoExpectation,-1,,e||,NoExpectation,-1,,e||,NoExpectation,-1
he,שיחות,208,שיעור קבלה כללי,,https://archive.kbb1.com/he/programs?program=%7Ce7yLP2D2,p||program - %7Ce7yLP2D2,Unknown,-1,https://archive.kbb1.com/he/programs/c/YvPmFc3Z,c|YvPmFc3Z|,Good,2,,e||,NoExpectation,-1,,e||,NoExpectation,-1,,e||,NoExpectation,-1
he,שיעור ווירטואלי,208,שיעור קבלה כללי,,https://archive.kbb1.com/he/lectures/c/VwCQ0OBq,c|VwCQ0OBq|,Unknown,-1,https://archive.kbb1.com/he/lectures/c/pjoTcgvx,c|pjoTcgvx|,Unknown,-1,,e||,NoExpectation,-1,,e||,NoExpectation,-1,,e||,NoExpectation,-1
he,שיעור למתחילים,208,שיעור קבלה כללי,,https://archive.kbb1.com/he/lectures/c/VwCQ0OBq,c|VwCQ0OBq|,Unknown,-1,https://archive.kbb1.com/he/lectures/c/pjoTcgvx,c|pjoTcgvx|,Unknown,-1,,e||,NoExpectation,-1,,e||,NoExpectation,-1,,e||,NoExpectation,-1
he,הרצאה,208,שיעור קבלה כללי,,https://archive.kbb1.com/he/lectures,bs||,NoExpectation,-1,,e||,NoExpectation,-1,,e||,NoExpectation,-1,,e||,NoExpectation,-1,,e||,NoExpectation,-1
he,מרשמלו,200,תכניות ילדים,,https://archive.kbb1.com/he/programs?program=%7CJRR182e6,p||program - %7CJRR182e6,Unknown,-1,,e||,NoExpectation,-1,,e||,NoExpectation,-1,,e||,NoExpectation,-1,,e||,NoExpectation,-1
he,שיעור ילדים,200,תכניות ילדים,,group with rav kids lessons,bs||,NoExpectation,-1,group with the latest kids lessons if available,bs||,NoExpectation,-1,,e||,NoExpectation,-1,,e||,NoExpectation,-1,,e||,NoExpectation,-1
he,משחק ילדים,200,תכניות ילדים,,https://archive.kbb1.com/he/programs?program=%7CzQ1D7FeD,p||program - %7CzQ1D7FeD,Unknown,-1,,e||,NoExpectation,-1,,e||,NoExpectation,-1,,e||,NoExpectation,-1,,e||,NoExpectation,-1
he,מאירה והחברים,200,תכניות ילדים,,https://archive.kbb1.com/he/programs?program=%7CGGNcvo1Y,p||program - %7CGGNcvo1Y,Unknown,-1,,e||,NoExpectation,-1,,e||,NoExpectation,-1,,e||,NoExpectation,-1,,e||,NoExpectation,-1
he,שרטוטים,199,שיעור בוקר,אין שרטוטים?,https://archive.kbb1.com/he/lessons,l|| - ,Unknown,-1,,e||,NoExpectation,-1,,e||,NoExpectation,-1,,e||,NoExpectation,-1,,e||,NoExpectation,-1
he,שיעור בוקר,199,שיעור בוקר,,https://archive.kbb1.com/he/lessons,l|| - ,Unknown,-1,,e||,NoExpectation,-1,,e||,NoExpectation,-1,,e||,NoExpectation,-1,,e||,NoExpectation,-1
he,קיצור משיעור הקבלה היומי,199,שיעור בוקר,,group with morning lesson tastes,bs||,NoExpectation,-1,,e||,NoExpectation,-1,,e||,NoExpectation,-1,,e||,NoExpectation,-1,,e||,NoExpectation,-1
he,קטעים נבחרים,199,שיעור בוקר,no uid,group with morning lesson tastes,bs||,NoExpectation,-1,,e||,NoExpectation,-1,,e||,NoExpectation,-1,,e||,NoExpectation,-1,,e||,NoExpectation,-1
he,חיים חדשים זוגיות,179,חיים חדשים + נושא,,group with topic and new life,bs||,NoExpectation,-1,https://archive.kbb1.com/he/programs/cu/U52m4xoG,cu|U52m4xoG|,Unknown,-1,https://archive.kbb1.com/he/programs/cu/JIJqiB7M,cu|JIJqiB7M|,Unknown,-1,https://archive.kbb1.com/he/programs/cu/Xrk8LEb5,cu|Xrk8LEb5|,Unknown,-1,,e||,NoExpectation,-1
he,חיים חדשים משפחה,179,חיים חדשים + נושא,,group with topic and new life,bs||,NoExpectation,-1,https://archive.kbb1.com/he/programs/cu/gPGEY3cl,cu|gPGEY3cl|,Unknown,-1,,e||,NoExpectation,-1,,e||,NoExpectation,-1,,e||,NoExpectation,-1
he,חיים חדשים נוער,179,חיים חדשים + נושא,,group with topic and new life,bs||,NoExpectation,-1,https://archive.kbb1.com/he/programs/cu/5BlnVH4Q,cu|5BlnVH4Q|,Good,1,,e||,NoExpectation,-1,,e||,NoExpectation,-1,,e||,NoExpectation,-1
he,חיים חדשים הריון,179,חיים חדשים + נושא,,group with topic and new life,bs||,NoExpectation,-1,https://archive.kbb1.com/he/programs/cu/Hxxmgpb0,cu|Hxxmgpb0|,Unknown,-1,https://archive.kbb1.com/he/programs/cu/Eumgl3Jo,cu|Eumgl3Jo|,Unknown,-1,,e||,NoExpectation,-1,,e||,NoExpectation,-1
he,חיים חדשים קטעים נבחרים,179,חיים חדשים + נושא,groups,https://archive.kbb1.com/he/programs/c/G30TMsPn,c|G30TMsPn|,Good,1,,e||,NoExpectation,-1,,e||,NoExpectation,-1,,e||,NoExpectation,-1,,e||,NoExpectation,-1
he,סביבה טובה,158,אתר,תוכנית + נושא,http://kabbalahgroup.info/internet/he/users/login,bs||,NoExpectation,-1,,e||,NoExpectation,-1,,e||,NoExpectation,-1,,e||,NoExpectation,-1,,e||,NoExpectation,-1
he,בלוג,158,אתר,בלוג הקלטות,http://laitman.co.il/,bs||,NoExpectation,-1,,e||,NoExpectation,-1,,e||,NoExpectation,-1,,e||,NoExpectation,-1,,e||,NoExpectation,-1
he,רדיו,158,אתר,הקלטות רדיו 103,http://icecast.kab.tv/radiozohar2014.mp3,bs||,NoExpectation,-1,,e||,NoExpectation,-1,,e||,NoExpectation,-1,,e||,NoExpectation,-1,,e||,NoExpectation,-1
he,הכנה לישיבת החברים,155,הכנות,,https://archive.kbb1.com/he/lessons/cu/Fs4Pajlx,cu|Fs4Pajlx|,Unknown,-1,Rabash social writings regarding Yeshivat Haverim,bs||,NoExpectation,-1,,e||,NoExpectation,-1,,e||,NoExpectation,-1,,e||,NoExpectation,-1
he,הכנה לשיעור,155,הכנות,,https://archive.kbb1.com/he/lessons/latest?language=he,bs||,NoExpectation,-1,,e||,NoExpectation,-1,,e||,NoExpectation,-1,,e||,NoExpectation,-1,,e||,NoExpectation,-1
he,הכנה לכנס רומניה,155,הכנות,,"group with lessons before the congress, with the preparations",bs||,NoExpectation,-1,https://archive.kbb1.com/he/lessons/cu/Cf8xzLNH,cu|Cf8xzLNH|,Good,1,,e||,NoExpectation,-1,,e||,NoExpectation,-1,,e||,NoExpectation,-1
he,הכנה לשינה,155,הכנות,,Quotes of lessons with recommendations of Rav regarding this,bs||,NoExpectation,-1,,e||,NoExpectation,-1,,e||,NoExpectation,-1,,e||,NoExpectation,-1,,e||,NoExpectation,-1
he,הכנה לפסח,155,הכנות,,https://archive.kbb1.com/he/events/c/PWOJ9aPK?language=he,c|PWOJ9aPK|,Unknown,-1,,e||,NoExpectation,-1,,e||,NoExpectation,-1,,e||,NoExpectation,-1,,e||,NoExpectation,-1
he,קבוצה צעירה,148,קבוצה מהכלי,,https://archive.kbb1.com/he/programs/cu/dhwDY32y?language=he,cu|dhwDY32y|,Good,1,Group young group lessons,bs||,NoExpectation,-1,,e||,NoExpectation,-1,,e||,NoExpectation,-1,,e||,NoExpectation,-1
he,מוסקבה,148,קבוצה מהכלי,,https://archive.kbb1.com/he/events?location=Russia%7CMoscow,bs||,NoExpectation,-1,Group lectures with moscow group,bs||,NoExpectation,-1,,e||,NoExpectation,-1,,e||,NoExpectation,-1,,e||,NoExpectation,-1
he,צרפת,148,קבוצה מהכלי,,https://archive.kbb1.com/he/events?location=France,bs||,NoExpectation,-1,,e||,NoExpectation,-1,,e||,NoExpectation,-1,,e||,NoExpectation,-1,,e||,NoExpectation,-1
he,חיפה,148,קבוצה מהכלי,,Groups all lectures of Rav in Haifa,bs||,NoExpectation,-1,,e||,NoExpectation,-1,,e||,NoExpectation,-1,,e||,NoExpectation,-1,,e||,NoExpectation,-1
he,פיטר,148,קבוצה מהכלי,,https://archive.kbb1.com/he/events?location=Russia%7CSaint%20Petersburg,bs||,NoExpectation,-1,Group lectures with Piter group,bs||,NoExpectation,-1,,e||,NoExpectation,-1,,e||,NoExpectation,-1,,e||,NoExpectation,-1
he,סדנה,126,סדנאות,,?,bs||,NoExpectation,-1,,e||,NoExpectation,-1,,e||,NoExpectation,-1,,e||,NoExpectation,-1,,e||,NoExpectation,-1
he,סדנא,126,סדנאות,,?,bs||,NoExpectation,-1,,e||,NoExpectation,-1,,e||,NoExpectation,-1,,e||,NoExpectation,-1,,e||,NoExpectation,-1
he,כללי הסדנה,126,סדנאות,,klip with workshop rules?,bs||,NoExpectation,-1,,e||,NoExpectation,-1,,e||,NoExpectation,-1,,e||,NoExpectation,-1,,e||,NoExpectation,-1
he,סדנת חיבור,126,סדנאות,,?,bs||,NoExpectation,-1,,e||,NoExpectation,-1,,e||,NoExpectation,-1,,e||,NoExpectation,-1,,e||,NoExpectation,-1
he,אסף אוחיון,119,מרצה-חבר,,Group all the programs where he is host,bs||,NoExpectation,-1,,e||,NoExpectation,-1,,e||,NoExpectation,-1,,e||,NoExpectation,-1,,e||,NoExpectation,-1
he,אורן לוי,119,מרצה-חבר,,Group all the programs where he is host,bs||,NoExpectation,-1,,e||,NoExpectation,-1,,e||,NoExpectation,-1,,e||,NoExpectation,-1,,e||,NoExpectation,-1
he,גלעד שדמון,119,מרצה-חבר,,Group all the programs where he is host,bs||,NoExpectation,-1,,e||,NoExpectation,-1,,e||,NoExpectation,-1,,e||,NoExpectation,-1,,e||,NoExpectation,-1
he,אוליאנוב,119,מרצה-חבר,,Group all the programs where he is host,bs||,NoExpectation,-1,,e||,NoExpectation,-1,,e||,NoExpectation,-1,,e||,NoExpectation,-1,,e||,NoExpectation,-1
he,הפצה,118,הפצה,,group the dissemination lectures,bs||,NoExpectation,-1,,e||,NoExpectation,-1,,e||,NoExpectation,-1,,e||,NoExpectation,-1,,e||,NoExpectation,-1
he,הפצה באינטרנט,118,הפצה,,group the dissemination lectures,bs||,NoExpectation,-1,,e||,NoExpectation,-1,,e||,NoExpectation,-1,,e||,NoExpectation,-1,,e||,NoExpectation,-1
he,שיחה על הפצה,118,הפצה,,https://archive.kbb1.com/he/lessons/cu/Fl6EkY5L,cu|Fl6EkY5L|,Good,1,group the dissemination lectures,bs||,NoExpectation,-1,,e||,NoExpectation,-1,,e||,NoExpectation,-1,,e||,NoExpectation,-1
he,נשים,104,נשים,מדור נשים groups,Group Women Lessons,bs||,NoExpectation,-1,Group Women YH,bs||,NoExpectation,-1,https://archive.kbb1.com/he/programs/c/Mx6yjJ5F,c|Mx6yjJ5F|,Good,1,,e||,NoExpectation,-1,,e||,NoExpectation,-1
he,סדנאות נשים,104,נשים,מדור נשים groups,Group women workshops,bs||,NoExpectation,-1,,e||,NoExpectation,-1,,e||,NoExpectation,-1,,e||,NoExpectation,-1,,e||,NoExpectation,-1
he,שיעור נשים,104,נשים,מדור נשים groups,Group Women Lessons,bs||,NoExpectation,-1,,e||,NoExpectation,-1,,e||,NoExpectation,-1,,e||,NoExpectation,-1,,e||,NoExpectation,-1
he,תפקיד האישה,104,נשים,מדור נשים groups,https://archive.kbb1.com/he/lectures/cu/VwqLxdyT,cu|VwqLxdyT|,Unknown,-1,,e||,NoExpectation,-1,,e||,NoExpectation,-1,,e||,NoExpectation,-1,,e||,NoExpectation,-1
he,אגרת נ,82,אגרות,,https://archive.kbb1.com/he/sources/ib0w1sqv,s|ib0w1sqv|,Good,3,https://archive.kbb1.com/he/sources/cT6IAU0f,s|cT6IAU0f|,Good,1,,e||,NoExpectation,-1,,e||,NoExpectation,-1,,e||,NoExpectation,-1
he,אגרת,82,אגרות,,https://archive.kbb1.com/he/sources/9ZIJ9CkI,s|9ZIJ9CkI|,Unknown,-1,https://archive.kbb1.com/he/sources/VUcyhrcS,s|VUcyhrcS|,Unknown,-1,,e||,NoExpectation,-1,,e||,NoExpectation,-1,,e||,NoExpectation,-1
he,אגרות,82,אגרות,,https://archive.kbb1.com/he/sources/DVSS0xAR,s|DVSS0xAR|,Regular,4,https://archive.kbb1.com/he/sources/b8SHlrfH,s|b8SHlrfH|,Good,1,,e||,NoExpectation,-1,,e||,NoExpectation,-1,,e||,NoExpectation,-1
he,"אגרת ט""ז",82,אגרות,,https://archive.kbb1.com/he/sources/OHNHBjqH,s|OHNHBjqH|,Good,2,https://archive.kbb1.com/he/sources/0UXdbMmk,s|0UXdbMmk|,Good,1,,e||,NoExpectation,-1,,e||,NoExpectation,-1,,e||,NoExpectation,-1
he,אגרת טז,82,אגרות,,https://archive.kbb1.com/he/sources/OHNHBjqH,s|OHNHBjqH|,Good,2,https://archive.kbb1.com/he/sources/0UXdbMmk,s|0UXdbMmk|,Good,1,,e||,NoExpectation,-1,,e||,NoExpectation,-1,,e||,NoExpectation,-1
he,הנקודה שבלב,66,ספר הפצה,,https://archive.kbb1.com/he/programs?program=%7CJZkZxLgv,p||program - %7CJZkZxLgv,Unknown,-1,http://66books.co.il/shop/%D7%94%D7%A0%D7%A7%D7%95%D7%93%D7%94-%D7%A9%D7%91%D7%9C%D7%91/,bs||,NoExpectation,-1,,e||,NoExpectation,-1,,e||,NoExpectation,-1,,e||,NoExpectation,-1
he,מבט לקבלה,66,ספר הפצה,,https://archive.kbb1.com/he/programs/cu/24gMqvTk,cu|24gMqvTk|,Good,1,https://archive.kbb1.com/he/programs/cu/24gMqvTk?language=he,cu|24gMqvTk|,Good,1,http://66books.co.il/shop/%D7%9E%D7%91%D7%98-%D7%9C%D7%A7%D7%91%D7%9C%D7%94-epub-%D7%92%D7%99%D7%A8%D7%A1%D7%90-%D7%9C%D7%A0%D7%99%D7%99%D7%93/,bs||,NoExpectation,-1,http://www.kab.co.il/heb/content/view/frame/2373?/heb/content/view/full/2373&main,bs||,NoExpectation,-1,,e||,NoExpectation,-1
he,הכל יחסים,66,ספר הפצה,,?,bs||,NoExpectation,-1,,e||,NoExpectation,-1,,e||,NoExpectation,-1,,e||,NoExpectation,-1,,e||,NoExpectation,-1
he,המקובל,66,ספר הפצה,,http://66books.co.il/shop/%D7%94%D7%9E%D7%A7%D7%95%D7%91%D7%9C-%D7%A8%D7%95%D7%9E%D7%9F-%D7%A7%D7%95%D7%9C%D7%A0%D7%95%D7%A2%D7%99/,bs||,NoExpectation,-1,,e||,NoExpectation,-1,,e||,NoExpectation,-1,,e||,NoExpectation,-1,,e||,NoExpectation,-1
he,01/09/2015,63,תאריך,Not showing the lessons of that day,https://archive.kbb1.com/he/lessons/c/yEmCC7kf?language=he,c|yEmCC7kf|,Unknown,-1,https://archive.kbb1.com/he/programs?dates=2015-09-01_2015-09-01,p||dates - 2015-09-01_2015-09-01,Unknown,-1,,e||,NoExpectation,-1,,e||,NoExpectation,-1,,e||,NoExpectation,-1
he,2012-10-28,63,תאריך,Not showing the lessons of that day,https://archive.kbb1.com/he/lessons/c/P8JL6hln?language=he,c|P8JL6hln|,Unknown,-1,https://archive.kbb1.com/he/programs?dates=2015-10-28_2015-10-28,p||dates - 2015-10-28_2015-10-28,Unknown,-1,,e||,NoExpectation,-1,,e||,NoExpectation,-1,,e||,NoExpectation,-1
he,דרורי,56,אורח,no uid,https://archive.kbb1.com/he/events/cu/mgLQmqkl?language=he,cu|mgLQmqkl|,Good,1,,e||,NoExpectation,-1,,e||,NoExpectation,-1,,e||,NoExpectation,-1,,e||,NoExpectation,-1
he,גיא בכור,56,אורח,,https://www.youtube.com/watch?time_continue=4&v=Np_wmFON-ZE,bs||,NoExpectation,-1,,e||,NoExpectation,-1,,e||,NoExpectation,-1,,e||,NoExpectation,-1,,e||,NoExpectation,-1
he,צבי ינאי,56,אורח,,https://www.youtube.com/watch?v=0fIVBPk14KE,bs||,NoExpectation,-1,http://www.tapuz.co.il/Forums2008/outMaavaron.aspx?target=aHR0cDovL2ZpbGVzLmthYi5jby5pbC9maWxlcy9oZWJfb19yYXZfMjAwOC0wNy0yOV90b2huaXRfYmJfbmlmZ2FzaGltLWltLWthYmFsYV90enZpLXlhbmFpXzIuZmx2,bs||,NoExpectation,-1,,e||,NoExpectation,-1,,e||,NoExpectation,-1,,e||,NoExpectation,-1
he,גיל קופטש,56,אורח,,https://archive.kbb1.com/he/programs/c/4D87X3Oo,c|4D87X3Oo|,Good,1,https://archive.kbb1.com/he/programs/cu/es60Vfio?language=he,cu|es60Vfio|,Regular,4,https://archive.kbb1.com/he/programs/cu/vTCcgK1w?language=he,cu|vTCcgK1w|,Regular,5,https://archive.kbb1.com/he/lessons/cu/xlxAzvjI?language=he,cu|xlxAzvjI|,Good,2,,e||,NoExpectation,-1
he,תיאטרון,26,תאטרון,,Group theater sections,bs||,NoExpectation,-1,,e||,NoExpectation,-1,,e||,NoExpectation,-1,,e||,NoExpectation,-1,,e||,NoExpectation,-1
he,תאטרון,26,תאטרון,,Group theater sections,bs||,NoExpectation,-1,,e||,NoExpectation,-1,,e||,NoExpectation,-1,,e||,NoExpectation,-1,,e||,NoExpectation,-1
he,"הקלטות רב""ש",24,"הקלטות רב""ש",,Group with Rabash lessons,bs||,NoExpectation,-1,,e||,NoExpectation,-1,,e||,NoExpectation,-1,,e||,NoExpectation,-1,,e||,NoExpectation,-1
he,"שיעורי רב""ש",24,"הקלטות רב""ש",,Group with Rabash lessons,bs||,NoExpectation,-1,,e||,NoExpectation,-1,,e||,NoExpectation,-1,,e||,NoExpectation,-1,,e||,NoExpectation,-1
he,הקלטות רבש,24,"הקלטות רב""ש",,Group with Rabash lessons,bs||,NoExpectation,-1,,e||,NoExpectation,-1,,e||,NoExpectation,-1,,e||,NoExpectation,-1,,e||,NoExpectation,-1
he,בדרך לאמת,23,וידאו הפצה,,Movie with rav_,bs||,NoExpectation,-1,,e||,NoExpectation,-1,,e||,NoExpectation,-1,,e||,NoExpectation,-1,,e||,NoExpectation,-1
he,דרום,23,וידאו הפצה,,movie missing,bs||,NoExpectation,-1,,e||,NoExpectation,-1,,e||,NoExpectation,-1,,e||,NoExpectation,-1,,e||,NoExpectation,-1
he,יורצהייט,22,ייורצאייט,,group yortziat,bs||,NoExpectation,-1,,e||,NoExpectation,-1,,e||,NoExpectation,-1,,e||,NoExpectation,-1,,e||,NoExpectation,-1
he,יורצ,22,ייורצאייט,,group yortziat,bs||,NoExpectation,-1,,e||,NoExpectation,-1,,e||,NoExpectation,-1,,e||,NoExpectation,-1,,e||,NoExpectation,-1
he,יורצאייט,22,ייורצאייט,,group yortziat,bs||,NoExpectation,-1,,e||,NoExpectation,-1,,e||,NoExpectation,-1,,e||,NoExpectation,-1,,e||,NoExpectation,-1
he,האומה,18,מאמר הפצה,,https://archive.kbb1.com/he/sources/Zo6BQz8E,s|Zo6BQz8E|,Unknown,-1,,e||,NoExpectation,-1,,e||,NoExpectation,-1,,e||,NoExpectation,-1,,e||,NoExpectation,-1
he,מסמך ארוסה,18,מאמר הפצה,,http://www.kab.co.il/heb/content/view/frame/2373?/heb/content/view/full/2373&main,bs||,NoExpectation,-1,https://archive.kbb1.com/he/lessons/cu/I3d6eaKU?language=en,cu|I3d6eaKU|,Unknown,-1,group lessons under this article,bs||,NoExpectation,-1,,e||,NoExpectation,-1,,e||,NoExpectation,-1
he,ארוסה,18,מאמר הפצה,,http://www.kab.co.il/heb/content/view/frame/2373?/heb/content/view/full/2373&main,bs||,NoExpectation,-1,https://archive.kbb1.com/he/lessons/cu/I3d6eaKU?language=en,cu|I3d6eaKU|,Unknown,-1,group lessons under this article,bs||,NoExpectation,-1,,e||,NoExpectation,-1,,e||,NoExpectation,-1
he,תפקיד בקבוצה,8,קבוצה,"NO UID, other results not related",Rav short clips about it,bs||,NoExpectation,-1,Morning lesson with it,bs||,NoExpectation,-1,,e||,NoExpectation,-1,,e||,NoExpectation,-1,,e||,NoExpectation,-1
he,אמריקה,8,אקטואליה,,Group of articles about the topic,bs||,NoExpectation,-1,https://archive.kbb1.com/he/events?location=United%20States,bs||,NoExpectation,-1,,e||,NoExpectation,-1,,e||,NoExpectation,-1,,e||,NoExpectation,-1
he,טראמפ,8,אקטואליה,,Group articles regarding Trump,bs||,NoExpectation,-1,,e||,NoExpectation,-1,,e||,NoExpectation,-1,,e||,NoExpectation,-1,,e||,NoExpectation,-1
